# dcload-ip-rs: RAM a title has been seen writing, learned from the disc reads
# it asks for. Used to place the loader somewhere the game does not go.
#
# One row per boot-sector md5 (the key DreamShell's presets use). `blocks` is a
# 256-bit bitmap, one bit per 64 KB of the Dreamcast's 16 MB, lowest first: bit
# n covers 0x8c000000 + n*0x10000.
#
# ROWS MERGE BY OR, so this file is worth sharing: play a part of a game nobody
# has, commit the row, and everyone's placement gets better. A row is only ever
# incomplete, never wrong -- a bit is set because a read really landed there.
#
# `sp_min` is the lowest stack pointer the title was seen entering a GD syscall
# with, read out of the running loader. It merges by MINIMUM, and it is what
# says whether a loader may sit under that stack at all -- no disc read can show
# that, because nothing is ever read INTO a stack. Blank means never measured.
#
# md5	title	blocks	sessions	sp_min
001329bf709ddff3f23a7615409ff4ac	CRAZY TAXI 2	000000ffffffffffffffffffffffffffffffffffffffffffffffffff7f3e0000	1	0x0c1750ec
050777e62c684fb1752a81cfa2d881fb	AQUA GT	00060040000000000000000000c0ffffffffffffffffffffffffffff7f000000	1	0x8c00ea98
10896faa3e1de5dc5ce7777e5fed492a	JET SET RADIO	4000000000083000f007000000000000ffffffffffefffffffffffffffffffff	1	
1aae36b0c58051ed3f9c3190a2927dbd	SNOW SURFERS	0000807f000000fcffffffffffffffffffffffffffffffffff01e001fe00f800	1	0x8c00e460
3de0864371f8794acdc46969484f318c	CRAZY TAXI	000000807f08fffeffffffdfffffffffffffffffffffffffffffffff3f020000	1	
65713f6e18d68b98e6f49ea7709dbb5f	COASTER WORKS	0000380080002000000001000000000000000000000000002000000000000000	1	0x8c00f044
752b24f3b041e14d75c37a22b23036ce	SONIC ADVENTURE 2	000000fcff7fffffffffffffff3f000800f8ffff000000300100fcffff7f837a	1	0x8c00acac
91a39a9f85e1806f06be8cfbda0866c2	SEGA RALLY 2	0000000000000000000000000000000000000000000000f80100000000030000	1	
9d7c156e132d74ab5c82352e02b91876	SONIC ADVENTURE	0800000000000000000000000006007c024000ff0000f0400078ffffffff0000	1	0x8c00b91c
ac4e0bcec30c71936fd68dbf9118b8e3	dca-liberty	00000000fcffffffffffff9fffffffffffffffffffffffffffffff0f00000000	1	0x8c19d4b0
b167c57c29f1589610d3967a14fffc64	BOMBERMAN ONLINE	000000000004000100fc0700e0030000000ef80f000000000000000000000000	1	
c93489606766647da2a0ccd7404043e5	BUZZ 2000	0000020000000000000000000000000000000000000000f09fffffff0f600080	1	
d4b61d643cac96d5628dd50441f9a225	GRAND THEFT AUTO 2	000000000020c00100000000ffffffffffffffffffffffffffffffffff7f00c0	1	0x8c00ebb4
ddb0f741bd89d003363169111cc553a6	SHENMUE2 EU	02000000c003fcffffffffffffffffffffffffffffffffffffffffffff9f0320	1	0x8c02fbd0
